emt12,emt34,emt1,cup12,cup34,cup1,con12,con34,con1,rom142,rom143,rom122,rom123,wir4,wir6,wir10
106.0,77.0,67.0,52.0,80.0,26.0,59.0,65.0,29.0,111.0,76.0,56.0,72.0,70.0,89.0,77.0
6.626792452830194,10.36194805194806,21.30149253731341,4.857499999999996,3.742625000000001,1.1938461538461533,5.469661016949155,7.574615384615387,1.6324137931034486,108.78603603603598,170.77776315789478,157.19,302.3074999999999,759.4261428571423,445.2510112359553,172.62909090909085
3.068477378632697,1.5147789824548488,7.426757572562211,2.1167565597709466,1.2011784759196527,0.22357239405752977,2.1313723651608516,4.92369242696826,0.18538868767333502,12.558928318442641,41.362579919493555,19.46765587980599,23.082652394152955,170.1172064527384,115.31961972398261,60.41230545574683
4.49,8.12,8.9,2.1,2.98,1.15,2.1,4.6,0.98,84.99,135.0,149.0,279.0,613.64,344.99,145.0
5.88,8.6,17.55,3.98,2.98,1.15,3.98,4.6,1.6,110.0,158.0,149.0,289.0,619.36,409.0,155.99
5.99,10.47,20.62,3.98,2.98,1.15,5.99,5.99,1.6,114.0,159.0,149.0,289.0,671.875,445.81,156.0
7.22,11.91,24.99,5.99,3.66,1.15,5.99,6.45,1.6,117.35,160.59,149.0,315.01,781.5,456.49,165.0
26.18,12.68,34.23,8.54,5.99,2.29,9.99,20.0,1.99,128.62,330.85,227.29,352.78,1047.78,1144.69,398.95
