emt12,emt34,emt1,cup12,cup34,cup1,con12,con34,con1,rom142,rom143,rom122,rom123,wir4,wir6,wir10
100.0,75.0,64.0,52.0,77.0,25.0,59.0,62.0,28.0,105.0,73.0,54.0,68.0,67.0,85.0,74.0
6.657400000000004,10.339866666666675,21.18265624999998,4.857499999999996,3.7332467532467537,1.1955999999999996,5.469661016949155,7.447741935483873,1.633571428571429,108.621619047619,171.49136986301374,157.4933333333333,301.9169117647058,763.0668656716412,446.0532941176473,173.2898648648648
3.1490333998761204,1.5243141952254353,7.432208380001861,2.1167565597709466,1.1907698102249937,0.228,2.1313723651608516,4.764603580212443,0.1886838289350396,12.635850411535856,41.969187914570426,19.76527763528759,22.65572902125719,172.53922527416475,117.87749608919295,61.53439409099493
4.49,8.12,8.9,2.1,2.98,1.15,2.1,4.6,0.98,84.99,135.0,149.0,279.0,613.64,344.99,145.0
5.88,8.48,17.55,3.98,2.98,1.15,3.98,4.6,1.6,110.0,158.0,149.0,289.0,614.28,409.0,155.99
5.99,10.47,20.62,3.98,2.98,1.15,5.99,5.99,1.6,114.0,159.0,149.0,289.0,709.0,445.81,156.0
7.22,11.91,24.99,5.99,3.66,1.15,5.99,6.45,1.6,117.0,160.59,149.0,315.01,832.19,456.49,165.0
26.18,12.68,34.23,8.54,5.99,2.29,9.99,20.0,1.99,128.62,330.85,227.29,352.78,1047.78,1144.69,398.95
