emt12,emt34,emt1,con12,con34,con1,cup12,cup34,cup1,rom142,rom143,rom122,rom123,wir4,wir6,wir10
90.0,64.0,63.0,59.0,73.0,22.0,65.0,57.0,25.0,86.0,61.0,49.0,55.0,57.0,68.0,61.0
6.745888888888894,10.319687500000008,20.213809523809505,4.79508474576271,3.7612328767123278,1.2018181818181815,5.455846153846157,7.299824561403509,1.6780000000000002,108.87627906976739,166.34606557377055,160.44244897959183,298.6887272727273,790.2056140350873,456.27985294117684,176.00065573770485
3.294297045080099,1.5535121180066969,7.27253437401283,2.06726236834875,1.1739332571477146,0.2430488166453959,2.0501073846170934,4.634713541474687,0.15921683328090652,12.343368026073197,27.31575883860747,22.075259297326912,20.706853674349187,187.3073434894176,128.8572865382781,67.55594528164175
4.59,8.12,8.9,2.1,2.98,1.15,2.1,4.6,1.6,84.99,143.99,149.0,279.0,613.64,344.99,145.0
5.88,8.54,17.55,3.98,2.98,1.15,3.98,4.6,1.6,111.07,158.0,149.0,289.0,613.64,409.0,155.99
5.99,10.47,20.62,3.98,2.98,1.15,5.99,5.99,1.6,114.0,159.0,149.0,289.0,765.0,445.81,155.99
7.22,11.91,20.62,5.99,3.66,1.15,5.99,5.99,1.6,117.0,159.0,150.0,315.01,1047.78,470.43,165.0
26.18,12.68,34.23,8.54,5.99,2.29,9.99,20.0,1.99,128.62,330.85,227.29,339.09,1047.78,1144.69,398.95
