emt12,emt34,emt1,con12,con34,con1,cup12,cup34,cup1,rom142,rom143,rom122,rom123,wir4,wir6,wir10
97.0,70.0,67.0,59.0,78.0,24.0,65.0,61.0,27.0,97.0,68.0,53.0,62.0,63.0,76.0,67.0
6.692886597938149,10.313142857142864,20.571940298507442,4.79508474576271,3.7883333333333336,1.1974999999999996,5.455846153846157,7.211639344262296,1.6722222222222225,108.40639175257726,170.39411764705886,159.5788679245283,299.0804838709677,779.5288888888883,452.10013157894764,174.47791044776113
3.1898517333500025,1.5459339308089795,7.4084577462654115,2.06726236834875,1.2002872131033449,0.23270152556440196,2.0501073846170934,4.510174859998175,0.15438048235879204,12.537943427316852,38.34736540543811,21.427611649492135,20.636812677032953,182.084065086495,123.09145954119825,64.6102442983687
4.59,8.12,8.9,2.1,2.98,1.15,2.1,4.6,1.6,84.99,143.99,149.0,279.0,613.64,344.99,145.0
5.88,8.42,17.55,3.98,2.98,1.15,3.98,4.6,1.6,111.07,158.0,149.0,289.0,614.28,409.0,155.99
5.99,10.47,20.62,3.98,2.98,1.15,5.99,5.99,1.6,114.0,159.0,149.0,289.0,765.0,445.81,155.99
7.22,11.91,22.805,5.99,3.66,1.15,5.99,5.99,1.6,117.0,159.3975,149.0,315.01,1047.78,470.43,165.0
26.18,12.68,34.23,8.54,5.99,2.29,9.99,20.0,1.99,128.62,330.85,227.29,339.09,1047.78,1144.69,398.95
