emt12,emt34,emt1,cup12,cup34,cup1,con12,con34,con1,rom142,rom143,rom122,rom123,wir4,wir6,wir10
117.0,85.0,73.0,58.0,87.0,29.0,68.0,73.0,33.0,129.0,83.0,62.0,77.0,77.0,105.0,87.0
6.568974358974364,10.620823529411771,21.726164383561617,4.885517241379309,3.78505747126437,1.1893103448275855,5.521323529411768,9.700410958904115,1.654545454545455,109.45069767441856,169.94036144578314,156.3974193548387,303.13012987012974,752.1306493506488,447.9353333333334,173.94885057471257
2.9439035148097643,1.9549346668931742,7.524920012520061,2.1056566858452697,1.235640191441327,0.2116926855218392,2.1468122180890927,17.41925255431442,0.22598521673290525,14.198265914476938,39.79799386553828,18.645941230697762,23.664160248064366,164.24060196887706,130.70605018857174,62.90617698854872
4.49,8.12,8.9,2.1,2.98,1.15,2.1,4.6,0.98,79.99,135.0,149.0,279.0,613.64,344.99,145.0
5.88,8.6,17.55,3.98,2.98,1.15,3.98,4.6,1.6,110.0,158.0,149.0,289.0,634.6,409.0,155.99
5.99,10.47,20.62,3.98,2.98,1.15,5.99,5.99,1.6,114.0,159.0,149.0,289.0,680.39,445.81,156.0
7.22,11.91,24.99,5.99,3.66,1.15,5.99,6.45,1.6,118.0,160.59,149.0,315.01,765.0,449.0,165.0
26.18,18.88,34.23,8.54,5.99,2.29,9.99,150.0,2.46,183.33,330.85,227.29,352.78,1047.78,1202.66,419.14
