emt12,emt34,emt1,con12,con34,con1,cup12,cup34,cup1,rom142,rom143,rom122,rom123,wir4,wir6,wir10
103.0,73.0,68.0,59.0,81.0,25.0,65.0,64.0,29.0,104.0,72.0,55.0,66.0,66.0,80.0,71.0
6.6616504854368985,10.310273972602747,20.759705882352918,4.79508474576271,3.795555555555556,1.1955999999999996,5.455846153846157,7.173906250000001,1.6458620689655175,108.36932692307687,171.8145833333334,159.19418181818182,299.8299999999999,774.9184848484842,449.9051250000002,173.6260563380281
3.1043297079185153,1.5425978922680512,7.5142175629832195,2.06726236834875,1.209767539653797,0.228,2.0501073846170934,4.419894280567002,0.19675069869869238,12.616704312058243,42.06602432653751,21.12182386300157,21.224841396526198,179.58814476241866,120.55525515002647,62.841584309365224
4.59,8.12,8.9,2.1,2.98,1.15,2.1,4.6,0.98,84.99,135.0,149.0,279.0,613.64,344.99,145.0
5.88,8.36,17.55,3.98,2.98,1.15,3.98,4.6,1.6,110.8025,158.0,149.0,289.0,614.28,409.0,155.99
5.99,10.47,20.62,3.98,2.98,1.15,5.99,5.99,1.6,114.0,159.0,149.0,289.0,737.0,445.81,156.0
7.22,11.91,24.99,5.99,3.66,1.15,5.99,6.105,1.6,117.0,159.3975,149.0,315.01,1047.78,470.43,165.0
26.18,12.68,34.23,8.54,5.99,2.29,9.99,20.0,1.99,128.62,330.85,227.29,352.78,1047.78,1144.69,398.95
