emt12,emt34,emt1,con12,con34,con1,cup12,cup34,cup1,rom142,rom143,rom122,rom123,wir4,wir6,wir10
93.0,69.0,60.0,52.0,73.0,23.0,59.0,58.0,26.0,95.0,68.0,50.0,62.0,61.0,75.0,68.0
6.713010752688176,10.348260869565225,20.847333333333317,4.857499999999996,3.774520547945205,1.1995652173913038,5.469661016949155,7.3546551724137945,1.6361538461538463,108.4030526315789,172.56838235294123,158.1728,300.69,771.422622950819,450.0124000000004,174.5657352941176
3.2482680284523524,1.5293837249052695,7.323187197830142,2.1167565597709466,1.2097348666086236,0.23770643202506528,2.1313723651608516,4.604311943765222,0.1958382378000154,12.624970787721354,43.18350049792871,20.40091935103284,21.59633097253812,177.6983136470502,124.42309143945651,64.05838923040886
4.59,8.12,8.9,2.1,2.98,1.15,2.1,4.6,0.98,84.99,135.0,149.0,279.0,613.64,344.99,145.0
5.88,8.6,17.55,3.98,2.98,1.15,3.98,4.6,1.6,110.535,158.0,149.0,289.0,614.28,409.0,155.99
5.99,10.47,20.62,3.98,2.98,1.15,5.99,5.99,1.6,114.0,159.0,149.0,289.0,709.0,445.81,156.0
7.22,11.91,24.99,5.99,3.66,1.15,5.99,6.45,1.6,117.0,160.59,149.0,315.01,1047.78,470.43,165.0
26.18,12.68,34.23,8.54,5.99,2.29,9.99,20.0,1.99,128.62,330.85,227.29,352.78,1047.78,1144.69,398.95
