emt12,emt34,emt1,con12,con34,con1,cup12,cup34,cup1,rom142,rom143,rom122,rom123,wir4,wir6,wir10
91.0,67.0,64.0,59.0,75.0,23.0,65.0,60.0,26.0,92.0,64.0,51.0,59.0,60.0,72.0,64.0
6.723736263736269,10.316268656716426,20.41890624999998,4.79508474576271,3.7805333333333326,1.1995652173913038,5.455846153846157,7.255166666666667,1.6750000000000003,108.71043478260864,168.67125000000004,159.99372549019608,299.1522033898305,784.6003333333327,454.0738888888893,175.20359374999992
3.2827531292267635,1.5495589165375088,7.3988090241064075,2.06726236834875,1.189903349849047,0.23770643202506528,2.0501073846170934,4.53529715793072,0.1567482057313575,12.445001372018654,33.7140618535748,21.74525685852289,20.976700955879632,184.65963043326877,125.86241809566849,66.03379989179632
4.59,8.12,8.9,2.1,2.98,1.15,2.1,4.6,1.6,84.99,143.99,149.0,279.0,613.64,344.99,145.0
5.88,8.48,17.55,3.98,2.98,1.15,3.98,4.6,1.6,111.07,158.0,149.0,289.0,614.12,409.0,155.99
5.99,10.47,20.62,3.98,2.98,1.15,5.99,5.99,1.6,114.0,159.0,149.0,289.0,765.0,445.81,155.99
7.22,11.91,21.7125,5.99,3.66,1.15,5.99,6.105,1.6,117.0,159.3975,149.5,315.01,1047.78,470.43,165.0
26.18,12.68,34.23,8.54,5.99,2.29,9.99,20.0,1.99,128.62,330.85,227.29,339.09,1047.78,1144.69,398.95
