emt12,emt34,emt1,con12,con34,con1,cup12,cup34,cup1,rom142,rom143,rom122,rom123,wir4,wir6,wir10
80.0,57.0,60.0,59.0,68.0,19.0,65.0,51.0,23.0,76.0,52.0,44.0,50.0,52.0,61.0,55.0
6.2012500000000035,10.286315789473694,20.032666666666653,4.79508474576271,3.7301470588235275,1.1499999999999997,5.455846153846157,7.348823529411764,1.684782608695652,109.11328947368415,165.09807692307697,161.72,298.81720000000007,802.6561538461535,458.37131147541015,177.85563636363628
1.050407244713609,1.5442689342706422,7.245850213103667,2.06726236834875,1.1420922050852955,2.2812914531392954e-16,2.0501073846170934,4.83754055158562,0.1644790554562934,12.136297336300219,17.695190000970246,22.96946517079921,21.21070321265916,190.93269184791166,134.7762049902901,70.94548743939578
4.59,8.12,8.9,2.1,2.98,1.15,2.1,4.6,1.6,84.99,144.0,149.0,279.0,613.64,344.99,145.0
5.88,8.6,17.55,3.98,2.98,1.15,3.98,4.6,1.6,111.07,158.0,149.0,289.0,613.64,409.0,155.99
5.99,10.47,20.62,3.98,2.98,1.15,5.99,5.99,1.6,114.0,159.0,149.0,289.0,765.0,445.81,155.99
7.22,11.91,20.62,5.99,3.66,1.15,5.99,5.99,1.6,117.0,159.0,159.5525,315.01,1047.78,470.43,165.0
9.09,12.68,34.23,8.54,5.99,1.15,9.99,20.0,1.99,128.62,225.3,227.29,339.09,1047.78,1144.69,398.95
