emt12,emt34,emt1,cup12,cup34,cup1,con12,con34,con1,rom142,rom143,rom122,rom123,wir4,wir6,wir10
111.0,79.0,70.0,54.0,82.0,27.0,63.0,68.0,30.0,118.0,78.0,58.0,76.0,73.0,94.0,80.0
6.605945945945951,10.38291139240507,21.41014285714283,4.862222222222219,3.7607317073170745,1.1922222222222216,5.534285714285717,7.690294117647063,1.6313333333333337,109.01067796610165,170.5814102564103,156.90758620689655,302.6569736842104,756.3660273972597,443.56531914893634,172.08037499999995
3.007327227223045,1.5053734112945703,7.420087794483756,2.0857329073988087,1.2150748394242994,0.21939310229205777,2.1493072509499833,5.061377598617376,0.1822603922269252,12.462364383701832,40.8454404686283,19.18239125923207,23.451880266891838,167.42565120026435,112.69869792210514,59.33442464504788
4.49,8.12,8.9,2.1,2.98,1.15,2.1,4.6,0.98,84.99,135.0,149.0,279.0,613.64,344.99,145.0
5.88,8.6,17.55,3.98,2.98,1.15,3.98,4.6,1.6,110.0,158.0,149.0,289.0,634.6,409.0,155.99
5.99,10.47,20.62,3.98,2.98,1.15,5.99,5.99,1.6,114.0,159.0,149.0,289.0,681.14,445.81,156.0
7.22,11.91,24.99,5.99,3.66,1.15,5.99,6.45,1.6,117.925,160.59,149.0,315.01,765.0,449.0,165.0
26.18,12.68,34.23,8.54,5.99,2.29,9.99,20.0,1.99,128.62,330.85,227.29,352.78,1047.78,1144.69,398.95
